Date,Open,High,Low,Close,Adj Close,Volume,Open SMA(10),High SMA(10),Low SMA(10),Close SMA(10),Adj Close SMA(10),Volume SMA(10)
2020-07-06,1805,1858,1792.099976,1851.800049,1845.862061,21697962,null,null,null,null,null,null
2020-07-07,1860,1864.349976,1806.300049,1823.449951,1817.602905,16239990,null,null,null,null,null,null
2020-07-08,1824.050049,1834.949951,1790,1798,1792.234497,12093186,null,null,null,null,null,null
2020-07-09,1809,1835,1786.25,1824.25,1818.400391,16807336,null,null,null,null,null,null
2020-07-10,1828.5,1884.599976,1824.25,1878.050049,1872.027832,20195218,null,null,null,null,null,null
2020-07-13,1903.349976,1947.699951,1900,1935,1928.795166,32124262,null,null,null,null,null,null
2020-07-14,1934,1941.699951,1887.300049,1917,1910.852905,31073305,null,null,null,null,null,null
2020-07-15,1937.949951,1978.800049,1798,1844,1838.087036,64457578,null,null,null,null,null,null
2020-07-16,1847,1869,1812.449951,1843.400024,1837.489014,28133826,null,null,null,null,null,null
2020-07-17,1845,1920,1838,1911.699951,1905.569824,22948894,1859.384998,1893.409985,1823.465002,1862.665002,1856.692163,26577155.700000
2020-07-20,1917.800049,1932,1899.650024,1919.900024,1913.743652,16887635,1870.665003,1900.809985,1834.220007,1869.475000,1863.480322,26096123.000000
2020-07-21,1939,1977,1936.5,1971.550049,1965.228027,19463004,1878.565003,1912.074988,1847.240002,1884.285010,1878.242834,26418424.400000
2020-07-22,1983,2010,1960.699951,2004,1997.573975,27584518,1894.459998,1929.579993,1864.309997,1904.885010,1898.776782,27967557.600000
2020-07-23,2003.949951,2079.699951,1991.349976,2057.800049,2051.201416,26921017,1913.954993,1954.049988,1884.819995,1928.240015,1922.056885,28978925.700000
2020-07-24,2058,2163,2057.800049,2146.149902,2139.268066,55655668,1936.904993,1981.889990,1908.175000,1955.050000,1948.780908,32524970.700000
2020-07-27,2178.800049,2198.800049,2127.899902,2156.199951,2149.285889,37060665,1964.450000,2007.000000,1930.964990,1977.169995,1970.829980,33018611.000000
2020-07-28,2156.199951,2194,2150.649902,2177.699951,2170.716797,25435297,1986.669995,2032.230005,1957.299975,2003.239990,1996.816370,32454810.200000
2020-07-29,2177.899902,2182.800049,2070.449951,2096.649902,2089.926758,33534147,2010.664990,2052.630005,1984.544971,2028.504980,2022.000342,29362467.100000
2020-07-30,2099,2139.699951,2072,2108.850098,2102.087891,33623699,2035.864990,2079.700000,2010.499975,2055.049988,2048.460230,29911454.400000
2020-07-31,2114.5,2129,2052.800049,2067.100098,2060.47168,34593133,2062.814990,2100.600000,2031.979980,2070.590002,2063.950415,31075878.300000
2020-08-03,2051.300049,2057,2003.099976,2009,2002.557861,21559142,2076.164990,2113.100000,2042.324976,2079.500000,2072.831836,31543029.000000
2020-08-04,2020.599976,2167,2000.25,2150.600098,2143.703857,42476932,2084.324988,2132.100000,2048.699976,2097.405005,2090.679419,33844421.800000
2020-08-05,2169,2196,2118.300049,2126.449951,2119.631348,34404810,2102.924988,2150.700000,2064.459985,2109.650000,2102.885156,34526451.000000
2020-08-06,2157,2167.699951,2107.800049,2134.100098,2127.256836,22762545,2118.229993,2159.500000,2076.104993,2117.280005,2110.490698,34110603.800000
2020-08-07,2129.800049,2157.800049,2120.199951,2146.449951,2139.567139,15222303,2125.409998,2158.980005,2082.344983,2117.310010,2110.520606,30067267.300000
2020-08-10,2159.100098,2165,2108.100098,2119.850098,2113.05249,12441573,2123.440003,2155.600000,2080.365002,2113.675024,2106.897266,27605358.100000
2020-08-11,2134.800049,2160,2100.350098,2133.800049,2126.957764,21611256,2121.300012,2152.200000,2075.335022,2109.285034,2102.521362,27222954.000000
2020-08-12,2121,2145,2106.800049,2127.600098,2120.777832,13967116,2115.610022,2148.419995,2078.970032,2112.380054,2105.606470,25266250.900000
2020-08-13,2128,2138.899902,2110,2122.050049,2115.245361,11459190,2118.510022,2148.339990,2082.770032,2113.700049,2106.922217,23049800.000000
2020-08-14,2122.550049,2157,2089.25,2113.800049,2107.021973,15333164,2119.315027,2151.139990,2086.415027,2118.370044,2111.577246,21123803.100000
2020-08-17,2105,2105,2070.100098,2091.350098,2084.644043,14296834,2124.685022,2155.939990,2093.115039,2126.605054,2119.785864,20397572.300000
2020-08-18,2085,2134.300049,2082.350098,2118.550049,2111.756592,14097746,2131.125025,2152.669995,2101.325049,2123.400049,2116.591138,17559653.700000
2020-08-19,2141,2154,2121.350098,2131.550049,2124.715088,15731396,2128.325025,2148.469995,2101.630054,2123.910059,2117.099512,15692312.300000
2020-08-20,2120,2123.899902,2088,2097.050049,2090.325684,10401212,2124.625025,2144.089990,2099.650049,2120.205054,2113.406397,14456179.000000
2020-08-21,2118,2122,2077,2081.850098,2075.174316,11667129,2123.445020,2140.509985,2095.330054,2113.745069,2106.967114,14100661.600000
2020-08-24,2091.399902,2104.5,2070.5,2095.75,2089.029785,15098991,2116.675000,2134.459985,2091.570044,2111.335059,2104.564844,14366403.400000
2020-08-25,2106,2111.300049,2078,2082.100098,2075.423584,8947563,2113.794995,2129.589990,2089.335034,2106.165064,2099.411426,13100034.100000
2020-08-26,2085,2147.949951,2047,2137.300049,2130.446533,27630190,2110.194995,2129.884985,2083.355029,2107.135059,2100.378296,14466341.500000
2020-08-27,2148,2150,2103.25,2110.600098,2103.832275,12961252,2112.194995,2130.994995,2082.680029,2105.990064,2099.236987,14616547.700000
2020-08-28,2120,2132.899902,2106.25,2116.149902,2109.364258,12537520,2111.939990,2128.584985,2084.380029,2106.225049,2099.471216,14336983.300000
2020-08-31,2174,2174,2060.350098,2080.699951,2074.028076,28648125,2118.839990,2135.484985,2083.405029,2105.160034,2098.409619,15772112.400000
2020-09-01,2100,2122.399902,2062.399902,2087.25,2080.556885,17821397,2120.339990,2134.294971,2081.410010,2102.030029,2095.289648,16144477.500000
2020-09-02,2092,2138,2085,2128.199951,2121.375732,12437162,2115.439990,2132.694971,2077.775000,2101.695020,2094.955713,15815054.100000
2020-09-03,2128,2138.75,2103,2112.100098,2105.327393,8577634,2116.239990,2134.179980,2079.275000,2103.200024,2096.455884,15632696.300000
2020-09-04,2083.550049,2096.949951,2072.199951,2077.25,2070.589111,13141644,2112.794995,2131.674976,2078.794995,2102.740015,2095.997363,15780147.800000
2020-09-07,2084,2105.75,2044.25,2082.649902,2075.97168,10119064,2112.055005,2131.799976,2076.169995,2101.430005,2094.691553,15282155.100000
2020-09-08,2092,2121,2080.5,2107.100098,2100.343506,12643749,2110.655005,2132.769971,2076.419995,2103.930005,2097.183545,15651773.700000
2020-09-09,2085,2167.800049,2081.449951,2161.350098,2154.419434,25525961,2110.655005,2134.754980,2079.864990,2106.335010,2099.580835,15441350.800000
2020-09-10,2183.100098,2344.949951,2175.350098,2314,2306.579834,64750460,2114.165015,2154.249976,2087.075000,2126.675000,2119.855591,20620271.600000
2020-09-11,2312,2337.850098,2287.100098,2319.75,2312.311523,27445768,2133.365015,2174.744995,2105.160010,2147.035010,2140.150317,22111096.400000
2020-09-14,2325,2360,2282,2302.550049,2295.166748,20335273,2148.465015,2193.344995,2127.325000,2169.220020,2162.264185,21279811.200000
2020-09-15,2311.949951,2325.75,2288.149902,2318.850098,2311.414551,12542824,2169.660010,2213.680005,2149.900000,2192.380029,2185.349951,20751953.900000
2020-09-16,2320,2369.350098,2310.550049,2324.550049,2317.096191,15668979,2192.460010,2236.815015,2172.455005,2212.015039,2204.921997,21075135.600000
2020-09-17,2320,2333.699951,2291.850098,2298.75,2291.378906,11919927,2211.660010,2256.310010,2191.340015,2230.680029,2223.527148,21409364.900000
2020-09-18,2314.25,2319.449951,2276.550049,2305.699951,2298.306396,15264068,2234.730005,2278.560010,2211.775024,2253.525024,2246.298877,21621607.300000
2020-09-21,2300,2336,2247.350098,2255.850098,2248.616455,15519031,2256.330005,2301.585010,2232.085034,2270.845044,2263.563354,22161604.000000
2020-09-22,2277,2277,2201.550049,2211.149902,2204.05957,16056620,2274.830005,2317.185010,2244.190039,2281.250025,2273.934961,22502891.100000
2020-09-23,2260,2276.75,2205.300049,2230.800049,2223.646729,19839282,2292.330005,2328.080005,2256.575049,2288.195020,2280.857690,21934223.200000
2020-09-24,2207.899902,2226,2176.050049,2181.199951,2174.205811,13764841,2294.809985,2316.185010,2256.645044,2274.915015,2267.620288,16835661.300000
2020-09-25,2189,2212.800049,2167.300049,2201.699951,2194.639893,13095028,2282.509985,2303.680005,2244.665039,2263.110010,2255.853125,15400587.300000
2020-09-28,2227,2238,2207.050049,2216.25,2209.143311,9076248,2272.709985,2291.480005,2237.170044,2254.480005,2247.250781,14274684.800000
2020-09-29,2225,2264,2216.25,2245.050049,2237.851074,11926328,2264.014990,2285.305005,2229.980054,2247.100000,2239.894434,14213035.200000
2020-09-30,2260,2267,2225,2234.350098,2227.185303,11290667,2258.014990,2275.069995,2221.425049,2238.080005,2230.903345,13775204.000000
2020-10-01,2263.800049,2263.800049,2214,2225.25,2218.114502,9591456,2252.394995,2268.080005,2213.640039,2230.730005,2223.576904,13542356.900000
2020-10-05,2244,2249.149902,2206,2212.199951,2205.106201,8732869,2245.369995,2261.050000,2206.585034,2221.380005,2214.256885,12889237.000000
2020-10-06,2225.25,2233.899902,2201.649902,2210.350098,2203.262451,8497216,2237.894995,2250.839990,2202.015015,2216.830005,2209.721484,12187055.500000
2020-10-07,2235,2309,2220,2257.5,2250.260986,24538346,2233.694995,2254.039990,2203.860010,2221.465015,2214.341626,13035228.100000
2020-10-08,2259,2268,2222.100098,2239.25,2232.06958,9727405,2233.594995,2253.164990,2205.540015,2222.310010,2215.183911,12024040.400000
2020-10-09,2235,2253,2217.100098,2233.449951,2226.288086,8558745,2236.305005,2255.864990,2209.645020,2227.535010,2220.392139,11503430.800000
2020-10-12,2235,2255.75,2226.25,2237.050049,2229.876709,6565515,2240.905005,2260.159985,2215.540015,2231.070020,2223.915820,10850479.500000
2020-10-13,2230.600098,2285.75,2225.850098,2280.699951,2273.386719,10666190,2241.265015,2264.934985,2217.420020,2237.515015,2230.340161,11009473.700000
2020-10-14,2278.899902,2304,2268.5,2287.5,2280.164795,12341434,2246.655005,2268.934985,2222.645020,2241.760010,2234.571533,11050984.300000
2020-10-15,2290,2290,2195,2206.5,2199.424561,9246702,2249.655005,2271.234985,2219.645020,2238.975000,2231.795459,10846587.800000
2020-10-16,2215,2232.5,2172.649902,2175.800049,2168.822998,9960828,2244.775000,2268.104980,2215.510010,2234.030005,2226.866309,10883525.000000
2020-10-19,2190.050049,2228.699951,2155.149902,2176.199951,2169.22168,14398973,2239.380005,2266.059985,2210.425000,2230.430005,2223.277856,11450135.400000
2020-10-20,2179,2193,2152.25,2155.899902,2148.986816,8529573,2234.755005,2261.969995,2205.485010,2224.984985,2217.850293,11453371.100000
2020-10-21,2168,2192,2097.75,2124.600098,2117.787354,15728986,2228.055005,2250.269995,2193.260010,2211.694995,2204.602930,10572435.100000
2020-10-22,2127.399902,2132.5,2091,2106.949951,2100.193848,14215215,2214.894995,2236.719995,2180.150000,2198.464990,2191.415357,11021216.100000
2020-10-23,2106,2135,2096.399902,2113.050049,2106.274414,10809307,2201.994995,2224.919995,2168.079980,2186.425000,2179.413989,11246272.300000
2020-10-26,2101.949951,2101.949951,2018.5,2029.099976,2022.593384,17225212,2188.689990,2209.539990,2147.304980,2165.629993,2158.685657,12312242.000000
2020-10-27,2034.900024,2059.850098,2005,2034.5,2027.976196,16835005,2169.119983,2186.950000,2125.219971,2141.009998,2134.144605,12929123.500000
2020-10-28,2041.800049,2057.699951,2007.400024,2011.449951,2005,13809929,2145.409998,2162.319995,2099.109973,2113.404993,2106.628125,13075973.000000
2020-10-29,1997,2042,1991,2026.900024,2020.400513,14147418,2116.109997,2137.519995,2078.709973,2095.444995,2088.725720,13566044.600000
2020-10-30,2033.5,2065.100098,2021.800049,2054.5,2047.911987,15700946,2097.959997,2120.780005,2063.624988,2083.314990,2076.634619,14140056.400000
2020-11-02,2027,2027,1859.150024,1877.449951,1871.429688,45857806,2081.654993,2100.610010,2034.025000,2053.439990,2046.855420,17285939.700000
2020-11-03,1890,1909,1835.099976,1850.400024,1844.466553,40931170,2052.754993,2072.210010,2002.309997,2022.890002,2016.403394,20526099.400000
2020-11-04,1837,1929,1837,1913.199951,1907.065063,37003111,2019.654993,2045.910010,1976.234997,2001.749988,1995.331165,22653511.900000
2020-11-05,1954.949951,1960.949951,1932,1955,1948.731079,17170274,2002.409997,2028.755005,1960.334997,1986.554993,1980.184888,22949017.800000
2020-11-06,1990,2040,1978.150024,2029.150024,2022.643311,30770080,1990.809997,2019.255005,1948.510010,1978.164990,1971.821777,24945095.100000
2020-11-09,2062.100098,2069,2036,2050.699951,2044.124146,16539467,1986.825012,2015.960010,1950.260010,1980.324988,1973.974854,24876520.600000
2020-11-10,2077,2090,2041.199951,2084.550049,2077.865723,17045147,1991.035010,2018.975000,1953.880005,1985.329992,1978.963806,24897534.800000
2020-11-11,2089,2095,1978.099976,1997.199951,1990.795654,26178477,1995.755005,2022.705005,1950.950000,1983.904992,1977.543372,26134389.600000
2020-11-12,1981,2008.449951,1965,1980,1973.650879,18481466,1994.155005,2019.350000,1948.350000,1979.214990,1972.868408,26567794.400000
2020-11-13,1982,2036.650024,1981.75,1996.400024,1989.998291,20946864,1989.005005,2016.504993,1944.344995,1973.404992,1967.077039,27092386.200000
2020-11-17,2085,2085,1985,1993.25,1986.858398,21479385,1994.805005,2022.304993,1956.929993,1984.984997,1978.619910,24654544.100000
2020-11-18,1993.25,2006.5,1960.099976,1987.199951,1980.827759,14030652,2005.130005,2032.054993,1969.429993,1998.664990,1992.256030,21964492.300000
2020-11-19,1987.199951,2010.449951,1968.199951,1973.150024,1966.822876,12828008,2020.150000,2040.199988,1982.549988,2004.659997,1998.231812,19546982.000000
2020-11-20,1975,1983.800049,1895,1899.5,1893.409058,26522972,2022.155005,2042.484997,1978.849988,1999.109997,1992.699609,20482251.800000
2020-11-23,1951,1970,1926.25,1950.699951,1944.444824,20918665,2018.255005,2035.484997,1973.659985,1991.264990,1984.879761,19497110.300000
2020-11-24,1964,1974,1932,1964.050049,1957.752075,14277083,2008.444995,2025.984997,1963.259985,1982.600000,1976.242554,19270871.900000
2020-11-25,1980,1992.949951,1942.199951,1947.800049,1941.554199,15062376,1998.744995,2016.279993,1953.359985,1968.925000,1962.611401,19072594.800000
2020-11-26,1953.050049,1965,1930.050049,1952.599976,1946.338745,11924527,1985.150000,2003.279993,1948.554993,1964.465002,1958.165710,17647199.800000
2020-11-27,1940.5,1956.099976,1921.400024,1929.800049,1923.611938,21845931,1981.100000,1998.044995,1944.194995,1959.445007,1953.161816,17983646.300000
2020-12-01,1940.349976,1966.25,1930.050049,1954.900024,1948.63147,9114939,1976.934998,1991.004993,1939.025000,1955.295007,1949.025134,16800453.800000
2020-12-02,1958.5,1962,1935,1958.150024,1951.870972,10240168,1964.284998,1978.704993,1934.025000,1951.785010,1945.526392,15676532.100000
2020-12-03,1972,1981.099976,1958.650024,1964.050049,1957.752075,12822945,1962.159998,1976.164990,1933.880005,1949.470020,1943.218823,15555761.400000
2020-12-04,1969,1969,1940,1946.75,1940.507568,8521388,1960.340002,1972.019995,1931.060010,1946.830017,1940.587292,15125099.400000
2020-12-07,1940.599976,1965,1940.599976,1958.199951,1951.920776,8418767,1956.900000,1970.139990,1935.620007,1952.700012,1946.438464,13314678.900000
2020-12-08,1961.150024,2014.25,1950,1993.75,1987.356812,20030506,1957.915003,1974.564990,1937.995007,1957.005017,1950.729663,13225863.000000
2020-12-09,2009.949951,2033.800049,1999.25,2026.949951,2020.450317,13464375,1962.509998,1980.544995,1944.720007,1963.295007,1956.999487,13144592.200000
2020-12-10,2021.599976,2028.5,2001,2007,2000.564331,7414229,1966.669995,1984.100000,1950.600012,1969.215002,1962.900500,12379777.500000
2020-12-11,2013,2038,1974.25,2005.800049,1999.368286,12434745,1972.664990,1991.400000,1955.020007,1974.535010,1968.203455,12430799.300000
2020-12-14,2007.949951,2015,1986.349976,1991.300049,1984.914673,7989830,1979.409985,1997.290003,1961.515002,1980.685010,1974.333728,11045189.200000
2020-12-15,1989.699951,1989.699951,1961.099976,1974.349976,1968.019043,8561406,1984.344983,1999.634998,1964.619995,1982.630005,1976.272485,10989835.900000
2020-12-16,1988,1994.949951,1965.699951,1976.550049,1970.212036,8565904,1987.294983,2002.929993,1967.689990,1984.470007,1978.106592,10822409.500000
2020-12-17,1984.5,2005,1977.150024,1985.599976,1979.23291,9346460,1988.544983,2005.319995,1969.539990,1986.625000,1980.254675,10474761.000000
2020-12-18,1980.099976,2004.900024,1965,1991.550049,1985.16394,8522215,1989.654980,2008.909997,1972.039990,1991.105005,1984.720312,10474843.700000
2020-12-21,2010,2022,1855.25,1939.699951,1933.480103,20368545,1996.594983,2014.609997,1963.504993,1989.255005,1982.876245,11669821.500000
2020-12-22,1949,1958.900024,1888.449951,1936.699951,1930.489746,12986606,1995.379980,2009.075000,1957.349988,1983.550000,1977.189538,10965431.500000
2020-12-23,1930,1951.449951,1920.650024,1943.849976,1937.616821,8999898,1987.384985,2000.839990,1949.489990,1975.240003,1968.906189,10518983.800000
2020-12-24,1947,1998.800049,1945.900024,1994.150024,1987.755615,9588577,1979.924988,1997.869995,1943.979993,1973.955005,1967.625317,10736418.600000
2020-12-28,2006.699951,2018,1995.300049,2003.300049,1996.876221,7947719,1979.294983,1995.869995,1946.084997,1973.705005,1967.376111,10287716.000000
2020-12-29,2009,2012.300049,1982.550049,1990.050049,1983.668701,8589407,1979.399988,1995.600000,1945.705005,1973.580005,1967.251514,10347673.700000
2020-12-30,1995.25,2007.199951,1975.550049,1995.5,1989.101196,10173132,1979.954993,1997.350000,1947.150012,1975.695007,1969.359729,10508846.300000
2020-12-31,1993.5,2011.900024,1978.599976,1985.300049,1978.93396,8667516,1980.504993,1999.045007,1948.440015,1976.570007,1970.231921,10519007.500000
2021-01-01,1988,1997,1982,1987.5,1981.126831,4622002,1980.854993,1998.245007,1948.925012,1976.760010,1970.421313,10046561.700000
2021-01-04,1995.099976,1998.900024,1968,1990.849976,1984.466064,11312992,1982.354993,1997.645007,1949.225012,1976.690003,1970.351526,10325639.400000
2021-01-05,1969,1983.599976,1956,1966.099976,1959.79541,11132803,1978.254993,1993.805005,1959.300012,1979.330005,1972.983056,9402065.200000
2021-01-06,1965.900024,1966,1905.150024,1914.25,1908.111694,21414270,1979.944995,1994.515002,1960.970019,1977.085010,1970.745251,10244831.600000
2021-01-07,1920.5,1945,1905.150024,1911.150024,1905.021729,14918406,1978.994995,1993.870007,1959.420019,1973.815015,1967.485742,10836682.400000
2021-01-08,1918,1938.400024,1912.099976,1933.699951,1927.499268,12709792,1976.094995,1987.830005,1956.040015,1967.770007,1961.460107,11148803.900000
2021-01-11,1938.800049,1938.800049,1892.5,1897.25,1891.16626,15371556,1969.305005,1979.910010,1945.760010,1957.165003,1950.889111,11891187.600000
2021-01-12,1903,1960,1899.900024,1957.050049,1950.774536,18996047,1958.705005,1974.680005,1937.495007,1953.865003,1947.599695,12931851.600000
2021-01-13,1963.550049,1974.949951,1918.449951,1938.800049,1932.58313,12284876,1955.535010,1971.455005,1931.784997,1948.195007,1941.947888,13143026.000000
2021-01-14,1945,1966.900024,1939.050049,1960.599976,1954.31311,9946818,1950.685010,1966.955005,1927.830005,1945.725000,1939.485803,13270956.200000
2021-01-15,1960.599976,1973.800049,1920.050049,1937.449951,1931.237305,9503790,1947.945007,1964.635010,1921.635010,1940.719995,1934.496851,13759135.000000
2021-01-18,1949.099976,1997,1923.349976,1983.949951,1977.588257,16198856,1943.345007,1964.445007,1917.170007,1940.029993,1933.809070,14247721.400000
2021-01-19,1994.650024,2031,1994.650024,2016.400024,2009.934204,14771048,1945.910010,1969.185010,1921.035010,1945.059997,1938.822949,14611545.900000
2021-01-20,2021.400024,2058,2001.400024,2054.699951,2048.111328,14271669,1951.460010,1978.385010,1930.660010,1959.104993,1952.822913,13897285.800000
2021-01-21,2082,2120,2075,2099.399902,2092.667969,18038987,1967.610010,1995.885010,1947.645007,1977.929980,1971.587537,14209343.900000
2021-01-22,2111,2115.350098,2035.150024,2049.600098,2043.027832,14090818,1986.910010,2013.580017,1959.950012,1989.519995,1983.140393,14347446.500000
2021-01-25,2034.949951,2034.949951,1932,1941,1934.776001,25016570,1996.525000,2023.195007,1963.900012,1993.894995,1987.501367,15311947.900000
2021-01-27,1925,1925,1888,1895,1888.923462,19553809,1998.725000,2019.695007,1962.710010,1987.689990,1981.316260,15367724.100000
2021-01-28,1880.150024,1923.300049,1870,1876.550049,1870.532715,15722291,1990.384997,2014.530017,1957.865015,1981.464990,1975.111218,15711465.600000
2021-01-29,1894.300049,1913.099976,1830,1841.949951,1836.043579,20173258,1985.315002,2009.150012,1946.960010,1969.599988,1963.284265,16734109.600000
2021-02-01,1859.400024,1905,1848,1895.300049,1889.222534,15774504,1975.195007,2002.270007,1939.755005,1965.384997,1959.082788,17361181.000000
2021-02-02,1914.25,1940,1854.949951,1925.800049,1919.624756,19138414,1971.710010,1996.570007,1932.915002,1959.570007,1953.286438,17655136.800000
2021-02-03,1928.300049,1952,1900,1930.650024,1924.459229,13984228,1965.075012,1988.670007,1923.450000,1950.995007,1944.738941,17576454.800000
2021-02-04,1924,1940,1905,1924.300049,1918.129517,11826848,1955.335010,1976.870007,1913.809997,1937.955017,1931.740759,17331972.700000
2021-02-05,1930.050049,1944.650024,1920,1923.75,1917.581299,9344470,1940.140015,1959.335010,1898.309997,1920.390027,1914.232092,16462521.000000
2021-02-08,1933.050049,1969,1929.050049,1951.449951,1945.192383,9776136,1922.345019,1944.700000,1887.700000,1910.575012,1904.448548,16031052.800000
2021-02-09,1961.949951,1989.599976,1952.300049,1956.150024,1949.877441,9047308,1915.045019,1940.165003,1889.730005,1912.090015,1905.958692,14434126.600000
2021-02-10,1953.75,1984.75,1927.300049,1974.300049,1967.969238,9799560,1917.920019,1946.140003,1893.660010,1920.020020,1913.863269,13458701.700000
2021-02-11,1980,2064.199951,1972.25,2055.699951,2049.108154,19631870,1927.905017,1960.229993,1903.885010,1937.935010,1931.720813,13849659.600000
2021-02-12,2055.5,2078,2015.400024,2041.599976,2035.053345,14074374,1944.025012,1976.719995,1922.425012,1957.900012,1951.621790,13239771.200000
2021-02-15,2048.050049,2061.300049,2025,2032.599976,2026.082275,7287590,1962.890015,1992.350000,1940.125012,1971.630005,1965.307764,12391079.800000
2021-02-16,2039.75,2079.399902,2035,2059.5,2052.895996,9886093,1975.440015,2006.289990,1958.130017,1985.000000,1978.634888,11465847.700000
2021-02-17,2060,2095.949951,2050.600098,2083.25,2076.569824,10957388,1988.610010,2020.684985,1973.190027,2000.259998,1993.845947,11163163.700000
2021-02-18,2085,2108.399902,2059.100098,2067.699951,2061.06958,8605531,2004.710010,2037.524976,1988.600037,2014.599988,2008.139954,10841032.000000
2021-02-19,2057,2104.949951,2053.300049,2080.300049,2073.629395,10800704,2017.405005,2053.554968,2001.930042,2030.254993,2023.744763,10986655.400000
2021-02-22,2080,2089.899902,1994.949951,2008.099976,2001.660767,10985697,2032.100000,2065.644958,2008.520032,2035.919995,2029.391602,11107611.500000
2021-02-23,2048,2052.899902,2013.599976,2023.449951,2016.961548,11834752,2040.705005,2071.974951,2014.650024,2042.649988,2036.100012,11386355.900000
2021-02-24,2030,2065.25,2026.150024,2061,2054.391113,4987735,2048.330005,2080.024951,2024.535022,2051.319983,2044.742200,10905173.400000
2021-02-25,2076,2152,2073,2144.350098,2137.474121,16085897,2057.930005,2088.804956,2034.610022,2060.184998,2053.578796,10550576.100000
2021-02-26,2117,2133.899902,2070.699951,2085.800049,2079.111816,17297575,2064.080005,2094.394946,2040.140015,2064.605005,2057.984643,10872896.200000
2021-03-01,2110.199951,2112,2062.5,2101.699951,2094.960693,8159670,2070.294995,2099.464941,2043.890015,2071.515003,2064.872485,10960104.200000
2021-03-02,2122,2130,2089.100098,2106,2099.246826,7915073,2078.519995,2104.524951,2049.300024,2076.165003,2069.507568,10763002.200000
2021-03-03,2121.050049,2219.899902,2107.199951,2202.100098,2195.038818,14733134,2084.625000,2116.919946,2054.960010,2088.050012,2081.354468,11140576.800000
2021-03-04,2180,2189.949951,2157.699951,2175.850098,2168.873047,9892597,2094.125000,2125.074951,2064.819995,2098.865027,2092.134814,11269283.400000
2021-03-05,2156,2211.949951,2153.050049,2178.699951,2171.713623,11773630,2104.025000,2135.774951,2074.794995,2108.705017,2101.943237,11366576.000000
2021-03-08,2168.5,2231.899902,2168,2191.100098,2184.073975,9002404,2112.875000,2149.974951,2092.100000,2127.005029,2120.184558,11168246.700000
2021-03-09,2200,2213.800049,2146.600098,2191.050049,2184.02417,6993792,2128.075000,2166.064966,2105.400012,2143.765039,2136.890820,10684150.700000
2021-03-10,2207,2215.100098,2170.25,2181.949951,2174.953369,5316182,2145.775000,2181.049976,2119.810010,2155.860034,2148.947046,10716995.400000
2021-03-12,2195,2206.399902,2123.899902,2137.600098,2130.745605,7783173,2157.675000,2186.489966,2124.900000,2155.185034,2148.274194,9886723.000000
2021-03-15,2140.050049,2148.899902,2080.5,2108.899902,2102.137451,7706170,2159.980005,2187.989966,2125.880005,2157.495020,2150.576758,8927582.500000
2021-03-16,2114,2126,2095.5,2100.600098,2093.864258,6402757,2160.360010,2189.389966,2129.180005,2157.385034,2150.467114,8751891.200000
2021-03-17,2098.050049,2103,2035.099976,2055.350098,2048.759277,8865521,2157.965015,2186.689966,2123.779993,2152.320044,2145.418359,8846936.000000
2021-03-18,2072.899902,2084.800049,2001,2009.099976,2002.657593,9528809,2153.150000,2173.179980,2113.159998,2133.020032,2126.180237,8326503.500000
2021-03-19,1991,2095.850098,1982.800049,2082,2075.32373,19284892,2134.250000,2163.769995,2095.670007,2123.635022,2116.825305,9265733.000000
2021-03-22,2071,2074,2033.199951,2062.399902,2055.786621,8571196,2125.750000,2149.975000,2083.684998,2112.005017,2105.232605,8945489.600000
2021-03-23,2061.949951,2109.699951,2056,2087.5,2080.806152,8039865,2115.094995,2137.755005,2072.484998,2101.645007,2094.905823,8849235.700000
2021-03-24,2079.75,2079.75,2040.400024,2047.300049,2040.735107,7763726,2103.069995,2124.350000,2061.864990,2087.270007,2080.576916,8926229.100000
2021-03-25,2054,2054,1985,1991.449951,1985.064087,10153757,2087.769995,2108.239990,2043.339990,2068.220007,2061.587988,9409986.600000
2021-03-26,2012,2013.699951,1973.699951,1994.650024,1988.253906,9313160,2069.469995,2088.969995,2028.319995,2053.925000,2047.338818,9562985.300000
2021-03-30,2008,2048.899902,1991.550049,2029.300049,2022.792847,9433842,2056.264990,2078.969995,2019.425000,2045.965015,2039.404358,9735752.500000
2021-03-31,2018,2049.899902,1999,2003.099976,1996.676758,7499740,2046.664990,2071.359985,2009.775000,2036.215003,2029.685608,9845450.800000
2021-04-01,2018,2030,2003.150024,2021.849976,2015.366699,5410307,2038.659985,2064.059985,2006.580005,2032.864990,2026.346350,9499929.400000
2021-04-05,2024.949951,2025,1962.099976,1992.599976,1986.210449,6864856,2033.864990,2058.079980,2002.690002,2031.214990,2024.701636,9233534.100000
2021-04-06,2004,2004.949951,1969,1984.300049,1977.937134,6465241,2035.164990,2048.989966,2001.309997,2021.444995,2014.962976,7951569.000000
2021-04-07,2000,2046.900024,1993.300049,2002.849976,1996.427612,11198918,2028.064990,2046.279968,1997.320007,2015.490003,2009.027075,8214341.200000
2021-04-08,2011,2022,1993,2005.349976,1998.919556,7092878,2022.969995,2037.509973,1991.020007,2007.275000,2000.838415,8119642.500000
2021-04-09,1998.449951,2006.349976,1980,1982.050049,1975.694336,6478482,2014.839990,2030.169971,1984.980005,2000.750000,1994.334338,7991118.100000
2021-04-12,1959,1961.400024,1900.25,1911.150024,1905.021729,9646031,2005.339990,2020.909973,1976.505005,1992.720008,1986.330103,7940345.500000
2021-04-13,1924,1940.599976,1917.849976,1931.800049,1925.605469,8958261,1996.539990,2013.599976,1970.920007,1986.435010,1980.065259,7904855.600000
2021-04-15,1926.300049,1961,1913,1944.300049,1938.06543,9102492,1988.369995,2004.809985,1963.065003,1977.935010,1971.592517,7871720.600000
2021-04-16,1936.599976,1949.900024,1926.449951,1932.099976,1925.904541,7225679,1980.229993,1994.809997,1955.809998,1970.835010,1964.515295,7844314.500000
2021-04-19,1904,1916.400024,1890,1901.699951,1895.601929,8527967,1968.829993,1983.450000,1944.494995,1958.820008,1952.538818,8156080.500000
2021-04-20,1910.5,1919,1890.449951,1901.150024,1895.053833,7939490,1957.384998,1972.850000,1937.329993,1949.675012,1943.423157,8263543.900000
2021-04-22,1892.25,1914.449951,1876.699951,1906.400024,1900.286987,6687573,1946.209998,1963.800000,1928.099988,1941.885010,1935.658142,8285777.100000
2021-04-23,1906,1918.900024,1895.349976,1904.349976,1898.243408,5459016,1936.809998,1951.000000,1918.304980,1932.035010,1925.839722,7711786.900000
2021-04-26,1920,1962,1911.5,1937.849976,1931.635986,9620785,1927.709998,1945.000000,1910.154980,1925.285010,1919.111365,7964577.600000
2021-04-27,1940,1997.199951,1938.25,1988.650024,1982.273193,9226547,1921.865003,1944.084997,1905.979980,1925.945007,1919.769250,8239384.100000
2021-04-28,1997.849976,2008,1980.150024,1997.300049,1990.895508,7902002,1925.750000,1948.744995,1913.969983,1934.560010,1928.356628,8064981.200000
2021-04-29,2022.900024,2044.5,2007.300049,2024.050049,2017.559692,8035915,1935.640002,1959.134997,1922.914990,1943.785010,1937.552051,7972746.600000
2021-04-30,2008.5,2036,1987.550049,1994.5,1988.10437,9150974,1943.859998,1966.634997,1930.369995,1948.805005,1942.555945,7977594.800000
2021-05-03,1966,1979,1943.099976,1959.050049,1952.768188,10909942,1946.800000,1969.544995,1932.034998,1951.500012,1945.242309,8346021.100000
2021-05-04,1950,1967.800049,1911,1916.599976,1910.454224,10083693,1951.400000,1974.684997,1934.134998,1952.990015,1946.727539,8501593.700000
2021-05-05,1923.349976,1938.5,1908.050049,1920.099976,1913.942993,5719649,1952.684998,1976.634997,1935.895007,1954.885010,1948.616455,8279609.600000
2021-05-06,1921.849976,1935,1906.599976,1931,1924.807983,6749281,1955.644995,1978.690002,1938.885010,1957.345008,1951.068554,8285780.400000
2021-05-07,1937.75,1955.650024,1926,1931.75,1925.555664,5671163,1958.819995,1982.365002,1941.950012,1960.085010,1953.799780,8306995.100000
2021-05-10,1939,1946.800049,1920.949951,1926.199951,1920.023438,6433879,1960.719995,1980.845007,1942.895007,1958.920007,1952.638525,7988304.500000
2021-05-11,1915,1938.550049,1910,1933.150024,1926.951172,6220217,1958.219995,1974.980017,1940.070007,1953.370007,1947.106323,7687671.500000
2021-05-12,1930.099976,1932.900024,1907,1913.150024,1907.015259,6081627,1951.444995,1967.470020,1932.755005,1944.955005,1938.718298,7505634.000000
2021-05-14,1928.050049,1942,1906,1937.300049,1931.087891,6134079,1941.959998,1957.220020,1922.625000,1936.280005,1930.071118,7315450.400000
2021-05-17,1937.300049,1963.449951,1930.400024,1960.349976,1954.063843,5479424,1934.840003,1949.965015,1916.909998,1932.865003,1926.667065,6948295.400000
2021-05-18,1981,2002.599976,1972.5,1987.949951,1981.575317,5567958,1936.340003,1952.325012,1919.850000,1935.754993,1929.547778,6414097.000000
2021-05-19,1980,2016.449951,1972,1997.050049,1990.64624,7530294,1939.340003,1957.190002,1925.950000,1943.800000,1937.566980,6158757.100000
2021-05-20,1997.900024,2010.900024,1981,1985.400024,1979.033569,5271497,1946.795007,1964.430005,1933.244995,1950.330005,1944.076038,6113941.900000
2021-05-21,1992,2009.599976,1986,2002.550049,1996.128662,4977555,1953.810010,1971.890002,1941.184997,1957.485010,1951.208105,5936769.300000
2021-05-24,2008,2009.800049,1982,1985.650024,1979.282837,3946636,1960.835010,1977.305005,1946.784997,1962.875012,1956.580823,5764316.600000
2021-05-25,1996.400024,1997,1960,1963.150024,1956.85498,6821015,1966.575012,1982.325000,1950.690002,1966.570019,1960.263977,5803030.200000
2021-05-26,1975,1979.5,1965.300049,1970.050049,1963.73291,3452113,1972.575012,1986.419995,1956.220007,1970.260022,1963.942151,5526219.800000
2021-05-27,1970.300049,1993,1962.25,1976.099976,1969.763428,12377100,1976.595019,1992.429993,1961.745007,1976.555017,1970.216968,6155767.100000
2021-05-28,1990,2105,1990,2094.800049,2088.082764,26060864,1982.790015,2008.729993,1970.145007,1992.305017,1985.916455,8148445.600000
2021-05-31,2102,2191.699951,2085.050049,2160.300049,2153.372803,27285782,1999.260010,2031.554993,1985.610010,2012.300024,2005.847351,10329081.400000
2021-06-01,2166,2202,2146.5,2168.899902,2161.945068,12928379,2017.760010,2051.494995,2003.010010,2030.395020,2023.884326,11065123.500000
2021-06-02,2157,2209.5,2157,2201.25,2194.191406,11366816,2035.460010,2070.800000,2021.510010,2050.815015,2044.238843,11448775.700000
2021-06-03,2221,2250,2196.100098,2209.649902,2202.564453,11064116,2057.770007,2094.709998,2043.020020,2073.240002,2066.591931,12028037.600000
2021-06-04,2214.800049,2216.449951,2184.25,2190.5,2183.47583,6677278,2080.050012,2115.394995,2062.845020,2092.034998,2085.326648,12198009.900000
2021-06-07,2202,2242,2185,2227.399902,2220.257568,7539326,2099.450012,2138.614990,2083.145020,2116.209985,2109.424121,12557278.900000
2021-06-08,2226.600098,2227.149902,2198.149902,2214.600098,2207.498779,4464889,2122.470020,2161.629980,2106.960010,2141.354993,2134.488501,12321666.300000
2021-06-09,2219,2221,2157.949951,2175,2168.025635,5265326,2146.870020,2185.779980,2126.225000,2161.849988,2154.917773,12502987.600000
2021-06-10,2193.399902,2230,2177.550049,2183,2176,6532832,2169.180005,2209.479980,2147.755005,2182.539990,2175.541431,11918560.800000
2021-06-11,2182.899902,2228,2180.100098,2213.149902,2213.149902,6351520,2188.469995,2221.779980,2166.765015,2194.374976,2188.048144,9947626.400000
2021-06-14,2215,2258.25,2195.050049,2244.899902,2244.899902,9383416,2199.769995,2228.434985,2177.765015,2202.834961,2197.200854,8157389.800000
2021-06-15,2261,2274.899902,2240.300049,2250,2250,7002898,2209.269995,2235.724976,2187.145020,2210.944971,2206.006347,7564841.700000
2021-06-16,2244.899902,2247.050049,2205.850098,2211.600098,2211.600098,4982975,2218.059985,2239.479980,2192.030029,2211.979980,2207.747217,6926457.600000
2021-06-17,2200,2235,2179.899902,2215.649902,2215.649902,7266765,2215.959985,2237.979980,2190.410010,2212.579980,2209.055762,6546722.500000
2021-06-18,2225.5,2235,2184.350098,2225.649902,2225.649902,13553801,2217.029980,2239.834985,2190.420020,2216.094971,2213.273169,7234374.800000
2021-06-21,2203.5,2247.5,2200.149902,2237.25,2237.25,5624044,2217.179980,2240.384985,2191.935010,2217.079980,2214.972412,7042846.600000
2021-06-22,2254,2261,2219.350098,2225.75,2225.75,5940386,2219.919971,2243.769995,2194.055029,2218.194971,2216.797534,7190396.300000
2021-06-23,2250,2250.600098,2201.699951,2205.350098,2205.350098,7685796,2223.019971,2246.730005,2198.430029,2221.229980,2220.529980,7432443.300000
2021-06-24,2206.850098,2214.600098,2140,2153.5,2153.5,42209687,2224.364990,2245.190015,2194.675024,2218.279980,2218.279980,11000128.800000
2021-06-25,2153.5,2153.5,2081.100098,2104.449951,2104.449951,25546334,2221.425000,2237.740015,2184.775024,2207.409985,2207.409985,12919610.200000
2021-06-28,2122,2126.5,2081,2086,2086,9357852,2212.125000,2224.565015,2173.370020,2191.519995,2191.519995,12917053.800000
2021-06-29,2089.5,2109,2084.100098,2087.800049,2087.800049,12526981,2194.975000,2207.975025,2157.750024,2175.300000,2175.300000,13469462.100000
2021-06-30,2096.25,2122.649902,2091.050049,2110.649902,2110.649902,9120556,2180.110010,2195.535010,2146.270020,2165.204980,2165.204980,13883220.200000
2021-07-01,2118,2123.149902,2095,2097.949951,2097.949951,5784627,2171.910010,2184.350000,2137.780029,2153.434985,2153.434985,13735006.400000
2021-07-02,2097,2132.899902,2092.949951,2129.050049,2129.050049,6500973,2159.060010,2174.139990,2128.640015,2143.775000,2143.775000,13029723.600000
2021-07-05,2136.449951,2153.550049,2131.5,2150.199951,2150.199951,5400604,2152.355005,2164.744995,2121.775024,2135.069995,2135.069995,13007379.600000
2021-07-06,2144.949951,2148.899902,2120.199951,2124.800049,2124.800049,4646312,2141.450000,2153.534985,2111.860010,2124.975000,2124.975000,12877972.200000
